<profile version="1.0">
  <option name="myName" value="Default" />
  <inspection_tool class="PyPackageRequirementsInspection" enabled="false" level="WARNING" enabled_by_default="false">
    <option name="ignoredPackages">
      <value>
        <list size="0" />
      </value>
    </option>
  </inspection_tool>
  <inspection_tool class="PyPep8NamingInspection" enabled="true" level="WEAK WARNING" enabled_by_default="true">
    <option name="ignoredErrors">
      <list>
        <option value="N802" />
      </list>
    </option>
  </inspection_tool>
  <inspection_tool class="PyStubPackagesAdvertiser" enabled="true" level="WARNING" enabled_by_default="true">
    <option name="ignoredPackages">
      <list>
        <option value="PyQt5-stubs==5.14.2.2" />
      </list>
    </option>
  </inspection_tool>
  <inspection_tool class="SpellCheckingInspection" enabled="true" level="TYPO" enabled_by_default="true">
    <option name="processCode" value="false" />
    <option name="processLiterals" value="false" />
    <option name="processComments" value="false" />
  </inspection_tool>
  <inspection_tool class="requirements.InstalledPackageInspection" enabled="false" level="WARNING" enabled_by_default="false" />
</profile>