<code_scheme name="Default" version="173">
  <option name="AUTODETECT_INDENTS" value="false" />
  <option name="RIGHT_MARGIN" value="80" />
  <editorconfig>
    <option name="ENABLED" value="false" />
  </editorconfig>
  <codeStyleSettings language="HTML">
    <option name="RIGHT_MARGIN" value="120" />
    <option name="SOFT_MARGINS" value="120" />
    <indentOptions>
      <option name="INDENT_SIZE" value="2" />
      <option name="TAB_SIZE" value="2" />
    </indentOptions>
  </codeStyleSettings>
  <codeStyleSettings language="JSON">
    <indentOptions>
      <option name="TAB_SIZE" value="2" />
    </indentOptions>
  </codeStyleSettings>
  <codeStyleSettings language="Python">
    <option name="KEEP_BLANK_LINES_IN_DECLARATIONS" value="2" />
    <option name="KEEP_BLANK_LINES_IN_CODE" value="2" />
  </codeStyleSettings>
</code_scheme>