<application>
  <component name="ProjectJdkTable">
    <jdk version="2">
      <name value="Python 2.7" />
      <type value="Python SDK" />
      <version value="Python 2.7.2" />
      <homePath value="C:\Python27\ArcGIS10.1\python.exe" />
      <roots>
        <classPath>
          <root type="composite">
            <root url="file://C:/Python27/ArcGIS10.1/DLLs" type="simple" />
            <root url="file://C:/Python27/ArcGIS10.1/Lib" type="simple" />
            <root url="file://C:/Python27/ArcGIS10.1/Lib/lib-tk" type="simple" />
            <root url="file://C:/Python27/ArcGIS10.1" type="simple" />
            <root url="file://C:/Python27/ArcGIS10.1/Lib/site-packages" type="simple" />
            <root url="file://C:/Program Files (x86)/ArcGIS/Desktop10.1/bin" type="simple" />
            <root url="file://C:/Program Files (x86)/ArcGIS/Desktop10.1/arcpy" type="simple" />
            <root url="file://C:/Program Files (x86)/ArcGIS/Desktop10.1/ArcToolbox/Scripts" type="simple" />
            <root url="file://$USER_HOME$/AppData/Local/JetBrains/PyCharmCE2020.3/python_stubs/1119001944" type="simple" />
            <root url="file://$APPLICATION_HOME_DIR$/plugins/python-ce/helpers/python-skeletons" type="simple" />
            <root url="file://$APPLICATION_HOME_DIR$/plugins/python-ce/helpers/typeshed/stdlib/2" type="simple" />
            <root url="file://$APPLICATION_HOME_DIR$/plugins/python-ce/helpers/typeshed/stdlib/2and3" type="simple" />
            <root url="file://$APPLICATION_HOME_DIR$/plugins/python-ce/helpers/typeshed/third_party/2" type="simple" />
            <root url="file://$APPLICATION_HOME_DIR$/plugins/python-ce/helpers/typeshed/third_party/2and3" type="simple" />
          </root>
        </classPath>
        <sourcePath>
          <root type="composite" />
        </sourcePath>
      </roots>
      <additional />
    </jdk>
    <jdk version="2">
      <name value="Python 3.7 OSGeo4W64" />
      <type value="Python SDK" />
      <version value="Python 3.7.0" />
      <homePath value="C:\OSGeo4W64\apps\Python37\python.exe" />
      <roots>
        <classPath>
          <root type="composite">
            <root url="file://C:/OSGeo4W64/apps/Python37/DLLs" type="simple" />
            <root url="file://C:/OSGeo4W64/apps/Python37/lib" type="simple" />
            <root url="file://C:/OSGeo4W64/apps/Python37" type="simple" />
            <root url="file://C:/OSGeo4W64/apps/Python37/lib/site-packages" type="simple" />
            <root url="file://C:/OSGeo4W64/apps/Python37/lib/site-packages/win32" type="simple" />
            <root url="file://C:/OSGeo4W64/apps/Python37/lib/site-packages/win32/lib" type="simple" />
            <root url="file://C:/OSGeo4W64/apps/Python37/lib/site-packages/pythonwin" type="simple" />
            <root url="file://$USER_HOME$/AppData/Local/JetBrains/PyCharm2020.3/python_stubs/1966160555" type="simple" />
            <root url="file://$APPLICATION_HOME_DIR$/plugins/python/helpers/python-skeletons" type="simple" />
            <root url="file://C:/OSGeo4W64/apps/Qt5/plugins" type="simple" />
            <root url="file://C:/OSGeo4W64/apps/qgis/python/plugins" type="simple" />
            <root url="file://C:/OSGeo4W64/apps/qgis/plugins" type="simple" />
            <root url="file://$APPLICATION_HOME_DIR$/plugins/python/helpers/typeshed/stdlib/3.7" type="simple" />
            <root url="file://$APPLICATION_HOME_DIR$/plugins/python/helpers/typeshed/stdlib/3" type="simple" />
            <root url="file://$APPLICATION_HOME_DIR$/plugins/python/helpers/typeshed/stdlib/2and3" type="simple" />
            <root url="file://$APPLICATION_HOME_DIR$/plugins/python/helpers/typeshed/third_party/3" type="simple" />
            <root url="file://$APPLICATION_HOME_DIR$/plugins/python/helpers/typeshed/third_party/2and3" type="simple" />
          </root>
        </classPath>
        <sourcePath>
          <root type="composite" />
        </sourcePath>
      </roots>
      <additional>
        <PATHS_ADDED_BY_USER_ROOT PATH_ADDED_BY_USER="file://C:/OSGeo4W64/apps/Qt5/plugins" />
        <PATHS_ADDED_BY_USER_ROOT PATH_ADDED_BY_USER="file://C:/OSGeo4W64/apps/qgis/python/plugins" />
        <PATHS_ADDED_BY_USER_ROOT PATH_ADDED_BY_USER="file://C:/OSGeo4W64/apps/qgis/plugins" />
      </additional>
    </jdk>
    <jdk version="2">
      <name value="Python 3.7 (dsc)" />
      <type value="Python SDK" />
      <version value="Python 3.7.9" />
      <homePath value="C:\Users\aznavouridis.k\miniconda3\envs\dsc\python.exe" />
      <roots>
        <classPath>
          <root type="composite">
            <root url="file://$USER_HOME$/miniconda3/envs/dsc/DLLs" type="simple" />
            <root url="file://$USER_HOME$/miniconda3/envs/dsc/Lib" type="simple" />
            <root url="file://$USER_HOME$/miniconda3/envs/dsc/Lib/site-packages" type="simple" />
            <root url="file://$USER_HOME$/miniconda3/envs/dsc/Lib/site-packages/win32" type="simple" />
            <root url="file://$USER_HOME$/miniconda3/envs/dsc/Lib/site-packages/win32/lib" type="simple" />
            <root url="file://$USER_HOME$/miniconda3/envs/dsc/Lib/site-packages/pythonwin" type="simple" />
            <root url="file://$USER_HOME$/AppData/Local/JetBrains/PyCharm2020.3/python_stubs/-931348180" type="simple" />
            <root url="file://$APPLICATION_HOME_DIR$/plugins/python/helpers/python-skeletons" type="simple" />
            <root url="file://$APPLICATION_HOME_DIR$/plugins/python/helpers/typeshed/stdlib/3.7" type="simple" />
            <root url="file://$APPLICATION_HOME_DIR$/plugins/python/helpers/typeshed/stdlib/3" type="simple" />
            <root url="file://$APPLICATION_HOME_DIR$/plugins/python/helpers/typeshed/stdlib/2and3" type="simple" />
            <root url="file://$APPLICATION_HOME_DIR$/plugins/python/helpers/typeshed/third_party/3" type="simple" />
            <root url="file://$APPLICATION_HOME_DIR$/plugins/python/helpers/typeshed/third_party/2and3" type="simple" />
          </root>
        </classPath>
        <sourcePath>
          <root type="composite" />
        </sourcePath>
      </roots>
      <additional ASSOCIATED_PROJECT_PATH="$USER_HOME$/miniconda3/envs/dsc/Lib/site-packages/atakl" />
    </jdk>
    <jdk version="2">
      <name value="Python 3.7 (atakl)" />
      <type value="Python SDK" />
      <version value="Python 3.7.9" />
      <homePath value="C:\Users\aznavouridis.k\miniconda3\envs\atakl\python.exe" />
      <roots>
        <classPath>
          <root type="composite">
            <root url="file://$USER_HOME$/miniconda3/envs/atakl/DLLs" type="simple" />
            <root url="file://$USER_HOME$/miniconda3/envs/atakl/Lib" type="simple" />
            <root url="file://$USER_HOME$/miniconda3/envs/atakl/Lib/site-packages" type="simple" />
            <root url="file://$USER_HOME$/miniconda3/envs/atakl/Lib/site-packages/win32" type="simple" />
            <root url="file://$USER_HOME$/miniconda3/envs/atakl/Lib/site-packages/win32/lib" type="simple" />
            <root url="file://$USER_HOME$/miniconda3/envs/atakl/Lib/site-packages/pythonwin" type="simple" />
            <root url="file://$USER_HOME$/AppData/Local/JetBrains/PyCharmCE2020.3/python_stubs/-1942159535" type="simple" />
            <root url="file://$APPLICATION_HOME_DIR$/plugins/python-ce/helpers/python-skeletons" type="simple" />
            <root url="file://$APPLICATION_HOME_DIR$/plugins/python-ce/helpers/typeshed/stdlib/3.7" type="simple" />
            <root url="file://$APPLICATION_HOME_DIR$/plugins/python-ce/helpers/typeshed/stdlib/3" type="simple" />
            <root url="file://$APPLICATION_HOME_DIR$/plugins/python-ce/helpers/typeshed/stdlib/2and3" type="simple" />
            <root url="file://$APPLICATION_HOME_DIR$/plugins/python-ce/helpers/typeshed/third_party/3" type="simple" />
            <root url="file://$APPLICATION_HOME_DIR$/plugins/python-ce/helpers/typeshed/third_party/2and3" type="simple" />
          </root>
        </classPath>
        <sourcePath>
          <root type="composite" />
        </sourcePath>
      </roots>
      <additional ASSOCIATED_PROJECT_PATH="D:/TEMP/.dev/python/atakl" />
    </jdk>
    <jdk version="2">
      <name value="Python 3.8 (webdev)" />
      <type value="Python SDK" />
      <version value="Python 3.8.6" />
      <homePath value="C:\Users\aznavouridis.k\miniconda3\envs\webdev\python.exe" />
      <roots>
        <classPath>
          <root type="composite">
            <root url="file://$USER_HOME$/miniconda3/envs/webdev/DLLs" type="simple" />
            <root url="file://$USER_HOME$/miniconda3/envs/webdev/Lib" type="simple" />
            <root url="file://$USER_HOME$/miniconda3/envs/webdev/Lib/site-packages" type="simple" />
            <root url="file://$USER_HOME$/AppData/Local/JetBrains/PyCharm2020.3/python_stubs/1845383933" type="simple" />
            <root url="file://$APPLICATION_HOME_DIR$/plugins/python/helpers/python-skeletons" type="simple" />
            <root url="file://$APPLICATION_HOME_DIR$/plugins/python/helpers/typeshed/stdlib/3.7" type="simple" />
            <root url="file://$APPLICATION_HOME_DIR$/plugins/python/helpers/typeshed/stdlib/3" type="simple" />
            <root url="file://$APPLICATION_HOME_DIR$/plugins/python/helpers/typeshed/stdlib/2and3" type="simple" />
            <root url="file://$APPLICATION_HOME_DIR$/plugins/python/helpers/typeshed/third_party/3" type="simple" />
            <root url="file://$APPLICATION_HOME_DIR$/plugins/python/helpers/typeshed/third_party/2and3" type="simple" />
          </root>
        </classPath>
        <sourcePath>
          <root type="composite" />
        </sourcePath>
      </roots>
      <additional ASSOCIATED_PROJECT_PATH="D:/.temp/.dev/webmain" />
    </jdk>
  </component>
</application>